id,name,full_name,sector,subsector,market,website,created_at,updated_at
727,2S,2S METAL PUBLIC COMPANY LIMITED,Industrials,Steel and Metal Products,SET,www.ss.co.th,2021-08-22 15:11:51.474692,2021-08-22 15:11:51.474692
234,3BBIF,JASMINE BROADBAND INTERNET INFRASTRUCTURE FUND,Technology,Information & Communication Technology,SET,www.jas-if.com,2017-07-23 06:31:17.769146,2019-03-03 03:43:41.108383
1,A,AREEYA PROPERTY PUBLIC COMPANY LIMITED,Property & Construction,Property Development,SET,www.areeya.co.th,2017-07-23 06:30:42.888033,2017-07-23 06:30:42.888033
732,AAV,ASIA AVIATION PUBLIC COMPANY LIMITED,Services,Transportation & Logistics,sSET / SETTHSI,www.aavplc.com,2021-08-29 06:31:32.524107,2022-01-15 03:54:12.597048
698,ACE,ABSOLUTE CLEAN ENERGY PUBLIC COMPANY LIMITED,Resources,Energy & Utilities,SET100,www.ace-energy.co.th,2019-11-19 07:11:16.920183,2021-01-26 15:41:59.109472
6,ADVANC,ADVANCED INFO SERVICE PUBLIC COMPANY LIMITED,Technology,Information & Communication Technology,SET50 / SETHD / SETTHSI,investor.ais.co.th,2017-07-23 06:30:43.494530,2021-07-07 03:34:13.518706
7,AEONTS,AEON THANA SINSAP (THAILAND) PUBLIC COMPANY LIMITED,Financials,Finance & Securities,SET100,www.aeon.co.th,2017-07-23 06:30:43.592682,2019-03-03 03:43:36.718624
9,AH,AAPICO HITECH PUBLIC COMPANY LIMITED,Industrials,Automotive,sSET / SETTHSI,www.aapico.com,2017-07-23 06:30:43.935758,2021-07-07 03:34:13.530450
719,AI,ASIAN INSULATORS PUBLIC COMPANY LIMITED,Resources,Energy & Utilities,sSET,www.asianinsulators.com,2021-02-21 16:04:22.273045,2021-02-21 16:04:22.273045
720,AIE,AI ENERGY PUBLIC COMPANY LIMITED,Resources,Energy & Utilities,sSET,www.aienergy.co.th,2021-02-21 16:12:17.821078,2022-01-15 03:54:12.607554
669,AIMIRT,AIM INDUSTRIAL GROWTH FREEHOLD AND LEASEHOLD REAL ESTATE INVESTMENT TRUST,Property & Construction,Property Fund & REITs,SET,www.aimreit.com,2018-06-21 02:39:56.326926,2018-06-21 02:39:56.326926
11,AIT,"ADVANCED INFORMATION TECHNOLOGY PUBLIC CO.,LTD.",Technology,Information & Communication Technology,sSET,www.ait.co.th,2017-07-23 06:30:44.134557,2017-12-27 02:26:11.417971
12,AJ,A.J. PLAST PUBLIC COMPANY LIMITED,Industrials,Packaging,sSET / SETCLMV,www.ajplast.co.th,2017-07-23 06:30:44.227648,2021-07-07 03:34:13.547356
14,AKR,EKARAT ENGINEERING PUBLIC COMPANY LIMITED,Resources,Energy & Utilities,SET,www.ekarat.co.th,2017-07-23 06:30:44.435854,2019-03-03 03:43:36.913998
16,ALT,ALT TELECOM PUBLIC COMPANY LIMITED,Technology,Information & Communication Technology,sSET,www.alt.co.th,2017-07-23 06:30:44.669117,2021-01-26 15:41:59.141815
19,AMANAH,AMANAH LEASING PUBLIC COMPANY LIMITED,Financials,Finance & Securities,sSET,www.amanah.co.th,2017-07-23 06:30:45.011140,2021-01-26 15:41:59.148168
20,AMARIN,AMARIN PRINTING AND PUBLISHING PUBLIC COMPANY LIMITED,Services,Media & Publishing,SET,www.amarin.com,2017-07-23 06:30:45.119467,2018-08-12 12:53:41.245572
21,AMATA,AMATA CORPORATION PUBLIC COMPANY LIMITED,Property & Construction,Property Development,SET100 / SETCLMV / SETTHSI,www.amata.com,2017-07-23 06:30:45.227516,2019-03-03 03:43:37.010600
22,AMC,ASIA METAL PUBLIC COMPANY LIMITED,Industrials,Steel and Metal Products,SET,www.asiametal.co.th,2017-07-23 06:30:45.394277,2021-08-22 18:21:29.793040
23,ANAN,ANANDA DEVELOPMENT PUBLIC COMPANY LIMITED,Property & Construction,Property Development,sSET,www.ananda.co.th,2017-07-23 06:30:45.502451,2021-01-26 15:41:59.156219
24,AOT,AIRPORTS OF THAILAND PUBLIC COMPANY LIMITED,Services,Transportation & Logistics,SET50 / SETTHSI / SETWB,www.airportthai.co.th,2017-07-23 06:30:45.602790,2019-11-19 07:11:17.414808
25,AP,AP (THAILAND) PUBLIC COMPANY LIMITED,Property & Construction,Property Development,SET100 / SETHD,www.apthai.com,2017-07-23 06:30:45.709407,2017-07-23 06:30:45.709407
27,APCS,ASIA PRECISION PUBLIC COMPANY LIMITED,Property & Construction,Construction Services,sSET,www.asiaprecision.com,2017-07-23 06:30:45.910731,2021-07-07 03:34:13.563548
28,APURE,AGRIPURE HOLDINGS PUBLIC COMPANY LIMITED,Agro & Food Industry,Food & Beverage,sSET,www.apureholdings.com,2017-07-23 06:30:46.027401,2021-07-07 03:34:13.570571
29,AQUA,AQUA CORPORATION PUBLIC COMPANY LIMITED,Services,Media & Publishing,SET,www.aquacorp.co.th,2017-07-23 06:30:46.135846,2018-06-21 02:39:56.744435
31,ARROW,ARROW SYNDICATE PUBLIC COMPANY LIMITED,Property & Construction,Property & Construction,mai,www.arrowpipe.com,2017-07-23 06:30:46.343810,2022-01-15 03:54:12.624187
34,ASEFA,ASEFA PUBLIC COMPANY LIMITED,Industrials,Industrial Materials & Machinery,SET,www.asefa.co.th,2017-07-23 06:30:46.702009,2018-08-12 12:53:42.905970
36,ASIAN,ASIAN SEA CORPORATION PUBLIC COMPANY LIMITED,Agro & Food Industry,Food & Beverage,sSET / SETTHSI,www.asianseafoods.co.th,2017-07-23 06:30:46.928337,2022-01-15 03:54:12.629742
38,ASK,ASIA SERMKIJ LEASING PUBLIC COMPANY LIMITED,Financials,Finance & Securities,SET,www.ask.co.th,2017-07-23 06:30:47.135935,2022-01-15 03:54:12.634778
40,ASP,ASIA PLUS GROUP HOLDINGS PUBLIC COMPANY LIMITED,Financials,Finance & Securities,sSET,www.asiaplusgroup.co.th,2017-07-23 06:30:47.385453,2017-12-27 02:26:12.204614
728,ASW,ASSETWISE PUBLIC COMPANY LIMITED,Property & Construction,Property Development,sSET,www.assetwise.co.th,2021-08-22 15:11:51.493365,2022-01-15 03:54:12.640882
42,AU,AFTER YOU PUBLIC COMPANY LIMITED,Agro & Food Industry,,mai,www.afteryoudessertcafe.com,2017-07-23 06:30:47.585432,2017-07-23 06:30:47.585432
43,AUCT,UNION AUCTION PUBLIC COMPANY LIMITED,Services,,mai,www.auct.co.th,2017-07-23 06:30:47.686058,2017-07-23 06:30:47.686058
699,AWC,ASSET WORLD CORP PUBLIC COMPANY LIMITED,Property & Construction,Property Development,SET50 / SETTHSI,https://www.assetworldcorp-th.com,2019-11-19 07:11:17.786612,2022-01-15 03:54:12.645916
44,AYUD,ALLIANZ AYUDHYA CAPITAL PUBLIC COMPANY LIMITED,Financials,Insurance,SET,www.ayud.co.th,2017-07-23 06:30:47.871752,2019-11-19 07:11:17.933427
45,BA,BANGKOK AIRWAYS PUBLIC COMPANY LIMITED,Services,Transportation & Logistics,SETWB,www.bangkokair.com,2017-07-23 06:30:47.986112,2022-01-15 03:54:12.651589
46,BAFS,BANGKOK AVIATION FUEL SERVICES PCL.,Resources,Energy & Utilities,sSET / SETTHSI,www.bafsthai.com,2017-07-23 06:30:48.093875,2021-01-26 15:41:59.193689
709,BAM,BANGKOK COMMERCIAL ASSET MANAGEMENT PUBLIC COMPANY LIMITED,Financials,Finance & Securities,SET100,www.bam.co.th,2021-01-26 15:41:59.199563,2021-07-07 03:34:13.592229
47,BANPU,BANPU PUBLIC COMPANY LIMITED,Resources,Energy & Utilities,SET50 / SETCLMV / SETTHSI,www.banpu.com,2017-07-23 06:30:48.193688,2022-01-15 03:54:12.658443
49,BAY,BANK OF AYUDHYA PUBLIC COMPANY LIMITED,Financials,Banking,SET,www.krungsri.com,2017-07-23 06:30:48.385483,2017-07-23 06:30:48.385483
50,BBL,BANGKOK BANK PUBLIC COMPANY LIMITED,Financials,Banking,SET50 / SETHD / SETTHSI,www.bangkokbank.com,2017-07-23 06:30:48.527545,2021-01-26 15:41:59.211945
51,BCH,BANGKOK CHAIN HOSPITAL PUBLIC COMPANY LIMITED,Services,Health Care Services,SET100 / SETWB,www.bangkokchainhospital.com,2017-07-23 06:30:48.660793,2019-11-19 07:11:18.318608
52,BCP,BANGCHAK CORPORATION PUBLIC COMPANY LIMITED,Resources,Energy & Utilities,SET100 / SETCLMV / SETTHSI,www.bangchak.co.th,2017-07-23 06:30:48.761380,2021-07-07 03:34:13.600451
53,BCPG,BCPG PUBLIC COMPANY LIMITED,Resources,Energy & Utilities,SET100 / SETCLMV / SETHD / SETTHSI,www.bcpggroup.com,2017-07-23 06:30:48.869670,2022-01-15 03:54:12.666662
729,BCT,BIRLA CARBON (THAILAND) PUBLIC COMPANY LIMITED,Industrials,Petrochemicals & Chemicals,SET,www.birlacarbon.com,2021-08-22 15:11:51.505205,2021-08-22 15:11:51.505205
54,BDMS,BANGKOK DUSIT MEDICAL SERVICES PUBLIC COMPANY LIMITED,Services,Health Care Services,SET50 / SETCLMV / SETTHSI / SETWB,www.bangkokhospital.com,2017-07-23 06:30:48.969723,2021-01-26 15:41:59.223067
745,BE8,BERYL 8 PLUS PUBLIC COMPANY LIMITED,Technology,Technology,mai,www.beryl8.com,2022-08-05 10:20:13.082282,2022-08-05 10:20:13.082282
55,BEAUTY,BEAUTY COMMUNITY PUBLIC COMPANY LIMITED,Services,Commerce,SET,www.beautycommunity.co.th,2017-07-23 06:30:49.077654,2022-01-15 03:54:12.673611
56,BEC,BEC WORLD PUBLIC COMPANY LIMITED,Services,Media & Publishing,SET100,www.becworld.com,2017-07-23 06:30:49.218292,2021-07-07 03:34:13.608165
57,BEM,BANGKOK EXPRESSWAY AND METRO  PUBLIC COMPANY LIMITED,Services,Transportation & Logistics,SET50 / SETTHSI / SETWB,www.bemplc.co.th,2017-07-23 06:30:49.335385,2019-11-19 07:11:18.757558
348,BEYOND,BOUND AND BEYOND PUBLIC COMPANY LIMITED,Services,Tourism & Leisure,SET,www.boundandbeyond.co.th,2017-07-23 06:31:32.326308,2022-01-15 03:54:12.680705
677,BGC,BG CONTAINER GLASS PUBLIC COMPANY LIMITED,Industrials,Packaging,sSET / SETCLMV / SETTHSI,www.bgc.co.th,2019-03-03 03:43:37.662577,2022-01-15 03:54:12.688218
59,BGRIM,B.GRIMM POWER PUBLIC COMPANY LIMITED,Resources,Energy & Utilities,SET50 / SETCLMV / SETTHSI,www.bgrimmpower.com,2017-07-23 06:30:49.577381,2019-03-03 03:43:37.778419
61,BH,BUMRUNGRAD HOSPITAL PUBLIC COMPANY LIMITED,Services,Health Care Services,SET50 / SETCLMV / SETWB,www.bumrungrad.com,2017-07-23 06:30:49.785323,2019-11-19 07:11:18.933425
65,BJC,BERLI JUCKER PUBLIC COMPANY LIMITED,Services,Commerce,SETCLMV / SETTHSI / SETWB,www.bjc.co.th,2017-07-23 06:30:50.362737,2022-01-15 03:54:12.695208
68,BKIH,BANGKOK INSURANCE PUBLIC COMPANY LIMITED,Financials,Insurance,SET,www.bangkokinsurance.com,2017-07-23 06:30:50.764348,2017-07-23 06:30:50.764348
70,BLA,BANGKOK LIFE ASSURANCE PUBLIC COMPANY LIMITED,Financials,Insurance,SET50 / SETTHSI,www.bangkoklife.com,2017-07-23 06:30:51.035886,2022-01-15 03:54:12.701165
71,BLAND,BANGKOK LAND PUBLIC COMPANY LIMITED,Property & Construction,Property Development,SET,www.bangkokland.co.th,2017-07-23 06:30:51.186566,2021-01-26 15:41:59.264186
670,BOFFICE,BHIRAJ OFFICE LEASEHOLD REAL ESTATE INVESTMENT TRUST,Property & Construction,Property Fund & REITs,SET,www.bofficereit.com,2018-06-21 02:39:57.768693,2018-06-21 02:39:57.768693
74,BPP,BANPU POWER PUBLIC COMPANY LIMITED,Resources,Energy & Utilities,SET / SETCLMV / SETTHSI,www.banpupower.com,2017-07-23 06:30:51.577768,2022-01-15 03:54:12.707083
78,BRR,BURIRAM SUGAR PUBLIC COMPANY LIMITED,Agro & Food Industry,Food & Beverage,sSET,www.buriramsugar.com,2017-07-23 06:30:52.221867,2022-01-15 03:54:12.712148
79,BSBM,BANGSAPHAN BARMILL PUBLIC COMPANY LIMITED,Industrials,Steel and Metal Products,SET,www.bsbm.co.th,2017-07-23 06:30:52.452935,2021-08-22 18:21:29.831130
83,BTS,BTS GROUP HOLDINGS PUBLIC COMPANY LIMITED,Services,Transportation & Logistics,SET50 / SETTHSI / SETWB,www.btsgroup.co.th,2017-07-23 06:30:53.227659,2021-01-26 15:41:59.294185
84,BTSGIF,BTS RAIL MASS TRANSIT GROWTH INFRASTRUCTURE FUND,Services,Transportation & Logistics,SET,www.btsgif.com,2017-07-23 06:30:53.461218,2017-07-23 06:30:53.461218
87,CBG,CARABAO GROUP PUBLIC COMPANY LIMITED,Agro & Food Industry,Food & Beverage,SET50 / SETCLMV / SETWB,www.carabaogroup.com,2017-07-23 06:30:54.027998,2019-11-19 07:11:19.512684
88,CCET,"CAL-COMP ELECTRONICS (THAILAND) PUBLIC CO., LTD.",Technology,Electronic Components,sSET,www.calcomp.co.th,2017-07-23 06:30:54.233972,2021-07-07 03:34:13.633736
90,CCP,CHONBURI CONCRETE PRODUCT PUBLIC COMPANY LIMITED,Property & Construction,Construction Materials,SET,www.ccp.co.th,2017-07-23 06:30:54.577563,2017-07-23 06:30:54.577563
92,CENTEL,CENTRAL PLAZA HOTEL PUBLIC COMPANY LIMITED,Services,Tourism & Leisure,SET100 / SETTHSI / SETWB,www.centarahotelsresorts.com,2017-07-23 06:30:54.851897,2019-11-19 07:11:19.707559
95,CGH,COUNTRY GROUP HOLDINGS PUBLIC COMPANY LIMITED,Financials,Finance & Securities,sSET,www.cgholdings.co.th,2017-07-23 06:30:55.453394,2021-07-07 03:34:13.640065
671,CHAYO,CHAYO GROUP PUBLIC COMPANY LIMITED,Financials,Finance & Securities,SET,www.chayo555.com,2018-06-21 02:39:58.102190,2022-01-15 03:54:12.724356
98,CHG,CHULARAT HOSPITAL PUBLIC COMPANY LIMITED,Services,Health Care Services,SET100 / SETWB,www.chularat.com,2017-07-23 06:30:55.787454,2019-11-19 07:11:19.924951
104,CIMBT,CIMB THAI BANK PUBLIC COMPANY LIMITED,Financials,Banking,SET,www.cimbthai.com,2017-07-23 06:30:56.628186,2017-07-23 06:30:56.628186
106,CK,CH. KARNCHANG PUBLIC COMPANY LIMITED,Property & Construction,Construction Services,SET100 / SETCLMV / SETTHSI,www.ch-karnchang.co.th,2017-07-23 06:30:56.836747,2019-03-03 03:43:38.781128
107,CKP,CK POWER PUBLIC COMPANY LIMITED,Resources,Energy & Utilities,SET100 / SETCLMV / SETTHSI,www.ckpower.co.th,2017-07-23 06:30:56.987542,2021-01-26 15:41:59.340667
114,COM7,COM7 PUBLIC COMPANY LIMITED,Services,Commerce,SET100 / SETTHSI / SETWB,www.comseven.com,2017-07-23 06:30:57.969386,2022-01-15 03:54:12.732462
116,CPALL,CP ALL PUBLIC COMPANY LIMITED,Services,Commerce,SET50 / SETTHSI / SETWB,www.cpall.co.th,2017-07-23 06:30:58.220883,2019-11-19 07:11:20.237750
283,CPAXT,SIAM MAKRO PUBLIC COMPANY LIMITED,Services,Commerce,SET,www.siammakro.co.th,2017-07-23 06:31:23.967729,2017-07-23 06:31:23.967729
117,CPF,CHAROEN POKPHAND FOODS PUBLIC COMPANY LIMITED,Agro & Food Industry,Food & Beverage,SET50 / SETCLMV / SETHD / SETTHSI / SETWB,www.cpfworldwide.com,2017-07-23 06:30:58.354024,2021-07-07 03:34:13.656740
119,CPI,CHUMPORN PALM OIL INDUSTRY PUBLIC COMPANY LIMITED,Agro & Food Industry,Food & Beverage,SET,www.cpi-th.com,2017-07-23 06:30:58.612227,2017-07-23 06:30:58.612227
121,CPN,CENTRAL PATTANA PUBLIC COMPANY LIMITED,Property & Construction,Property Development,SET50 / SETTHSI,www.centralpattana.co.th,2017-07-23 06:30:58.911154,2021-01-26 15:41:59.378040
122,CPNCG,CPN COMMERCIAL GROWTH LEASEHOLD PROPERTY FUND,Property & Construction,Property Fund & REITs,SET,www.cpncg.com,2017-07-23 06:30:59.011249,2017-07-23 06:30:59.011249
647,CPNREIT,CPN RETAIL GROWTH LEASEHOLD REIT,Property & Construction,Property Fund & REITs,SET,www.cpnreit.com,2017-12-21 13:43:29.709328,2017-12-21 13:43:29.709328
708,CRC,CENTRAL RETAIL CORPORATION PUBLIC COMPANY LIMITED,Services,Commerce,SET50 / SETCLMV / SETTHSI / SETWB,https://www.centralretail.com/,2020-02-21 03:37:32.781314,2022-01-15 03:54:12.743952
127,CSC,CROWN SEAL PUBLIC COMPANY LIMITED,Industrials,Packaging,SET,www.crownseal.co.th,2017-07-23 06:30:59.536347,2017-07-23 06:30:59.536347
129,CSP,CSP STEEL CENTER PUBLIC COMPANY LIMITED,Industrials,Steel and Metal Products,SET,www.cspsteel.com,2017-07-23 06:30:59.744657,2021-08-22 18:21:29.855700
131,CSS,COMMUNICATION AND SYSTEM SOLUTION PUBLIC COMPANY LIMITED,Services,Commerce,SET,www.cssthai.com,2017-07-23 06:30:59.961316,2018-08-12 12:53:49.569339
133,CTW,CHAROONG THAI WIRE & CABLE PUBLIC COMPANY LIMITED,Industrials,Industrial Materials & Machinery,sSET,www.ctw.co.th,2017-07-23 06:31:00.271429,2021-07-07 03:34:13.668893
134,CWT,CHAI WATANA TANNERY GROUP PUBLIC COMPANY LIMITED,Industrials,Automotive,SET,www.cwt.co.th,2017-07-23 06:31:00.413722,2017-07-23 06:31:00.413722
135,DCC,DYNASTY CERAMIC PUBLIC COMPANY LIMITED,Property & Construction,Construction Materials,SET,www.dynastyceramic.com,2017-07-23 06:31:00.517312,2021-01-26 15:41:59.405135
136,DCON,DCON PRODUCTS PUBLIC COMPANY LIMITED,Property & Construction,Construction Materials,SET,www.dconproduct.com,2017-07-23 06:31:00.634999,2017-07-23 06:31:00.634999
665,DDD,DO DAY DREAM PUBLIC COMPANY LIMITED,Consumer Products,Personal Products & Pharmaceuticals,sSET,www.dodaydream.com,2017-12-27 02:26:13.442502,2019-03-03 03:43:39.366667
138,DELTA,DELTA ELECTRONICS (THAILAND) PUBLIC COMPANY LIMITED,Technology,Electronic Components,SET,www.deltathailand.com,2017-07-23 06:31:00.997874,2022-01-15 03:54:12.754970
139,DEMCO,DEMCO PUBLIC COMPANY LIMITED,Resources,Energy & Utilities,sSET,www.demco.co.th,2017-07-23 06:31:01.218192,2022-01-15 03:54:12.761564
140,DIF,DIGITAL TELECOMMUNICATIONS INFRASTRUCTURE FUND,Technology,Information & Communication Technology,SET,www.digital-tif.com,2017-07-23 06:31:01.454911,2017-07-23 06:31:01.454911
701,DOHOME,DOHOME PUBLIC COMPANY LIMITED,Services,Commerce,SET100 / SETWB,https://www.dohome.co.th/,2019-11-19 07:11:20.688406,2021-01-26 15:41:59.414935
143,DRT,DIAMOND BUILDING PRODUCTS PUBLIC COMPANY LIMITED,Property & Construction,Construction Materials,sSET / SETCLMV / SETTHSI,www.dbp.co.th,2017-07-23 06:31:02.086192,2021-07-07 03:34:13.690603
145,DUSIT,DUSIT THANI PUBLIC COMPANY LIMITED,Services,Tourism & Leisure,SET,www.dusit.com,2017-07-23 06:31:02.444848,2017-07-23 06:31:02.444848
148,EA,ENERGY ABSOLUTE PUBLIC COMPANY LIMITED,Resources,Energy & Utilities,SET50 / SETTHSI,www.energyabsolute.co.th,2017-07-23 06:31:02.895289,2019-03-03 03:43:39.583356
151,EASTW,EASTERN WATER RESOURCES DEVELOPMENT AND MANAGEMENT PCL.,Resources,Energy & Utilities,SETTHSI,www.eastwater.com,2017-07-23 06:31:03.278563,2022-01-15 03:54:12.776395
156,EGATIF,"NORTH BANGKOK POWER PLANT BLOCK 1 INFRASTRUCTURE FUND, ELECTRICITY GENERATING AUTHORITY OF THAILAND",Resources,Energy & Utilities,SET,www.ktam.co.th,2017-07-23 06:31:03.927442,2017-07-23 06:31:03.927442
157,EGCO,ELECTRICITY GENERATING PUBLIC COMPANY LIMITED,Resources,Energy & Utilities,SET50 / SETCLMV / SETHD / SETTHSI,www.egco.com,2017-07-23 06:31:04.161619,2021-07-07 03:34:13.705244
159,EKH,EKACHAI MEDICAL CARE PUBLIC COMPANY LIMITED,Services,Health Care Services,sSET,www.ekachaihospital.com,2017-07-23 06:31:04.552473,2019-03-03 03:43:39.799311
691,EMC,EMC PUBLIC COMPANY LIMITED,Property & Construction,Construction Services,SET,www.emc.co.th,2019-03-03 09:02:39.058929,2019-03-03 09:02:39.058929
711,EP,EASTERN POWER GROUP PUBLIC COMPANY LIMITED,Resources,Energy & Utilities,sSET,www.epco.co.th,2021-01-26 15:41:59.447003,2021-01-26 15:41:59.447003
162,EPG,EASTERN POLYMER GROUP PUBLIC COMPANY LIMITED,Property & Construction,Construction Materials,SET100 / SETTHSI,www.epg.co.th,2017-07-23 06:31:05.010998,2022-01-15 03:54:12.785912
163,ERW,THE ERAWAN GROUP PUBLIC COMPANY LIMITED,Services,Tourism & Leisure,sSET,www.theerawan.com,2017-07-23 06:31:05.185835,2021-01-26 15:41:59.454603
166,ESTAR,EASTERN STAR REAL ESTATE PUBLIC COMPANY LIMITED,Property & Construction,Property Development,SET,www.estarpcl.com,2017-07-23 06:31:05.552360,2019-11-19 07:11:21.139592
168,EVER,EVERLAND PUBLIC COMPANY LIMITED,Property & Construction,Property Development,SET,www.everland.co.th,2017-07-23 06:31:05.760732,2017-07-23 06:31:05.760732
174,FNS,FINANSA PUBLIC COMPANY LIMITED,Financials,Finance & Securities,SET,www.finansa.com,2017-07-23 06:31:06.669512,2017-07-23 06:31:06.669512
176,FORTH,FORTH CORPORATION PUBLIC COMPANY LIMITED,Technology,Information & Communication Technology,SET100,www.forth.co.th,2017-07-23 06:31:06.910720,2018-08-12 12:53:51.662456
177,FPI,FORTUNE PARTS INDUSTRY PUBLIC COMPANY LIMITED,Industrial,Industrial,mai,www.fpiautoparts.com,2017-07-23 06:31:07.075383,2022-01-15 03:54:12.793701
746,FPT,FRASERS PROPERTY (THAILAND) PUBLIC COMPANY LIMITED,Property & Construction,Property Development,SET,https://www.frasersproperty.co.th,2022-08-07 08:03:24.829726,2022-08-07 08:03:24.829726
178,FSMART,FORTH SMART SERVICE PUBLIC COMPANY LIMITED,Services,Services,mai,www.boonterm.com,2017-07-23 06:31:07.228447,2022-01-15 03:54:12.799026
179,FSS,FINANSIA SYRUS SECURITIES PUBLIC COMPANY LIMITED,Financials,Finance & Securities,SET,www.fnsyrus.com,2017-07-23 06:31:07.377437,2017-07-23 06:31:07.377437
180,FUTUREPF,FUTURE PARK LEASEHOLD PROPERTY FUND,Property & Construction,Property Fund & REITs,SET,investor.futurepark.co.th,2017-07-23 06:31:07.495120,2021-01-26 15:41:59.476856
182,GBX,GLOBLEX HOLDING MANAGEMENT PUBLIC COMPANY LIMITED,Financials,Finance & Securities,SET,www.globlexholding.co.th,2017-07-23 06:31:07.778365,2017-07-23 06:31:07.778365
183,GC,GLOBAL CONNECTIONS PUBLIC COMPANY LIMITED,Industrials,Petrochemicals & Chemicals,SET,www.gc.co.th,2017-07-23 06:31:07.933967,2017-07-23 06:31:07.933967
187,GFPT,GFPT PUBLIC COMPANY LIMITED,Agro & Food Industry,Agribusiness,sSET / SETTHSI,www.gfpt.co.th,2017-07-23 06:31:08.585650,2021-07-07 03:34:13.727071
188,GGC,GLOBAL GREEN CHEMICALS PUBLIC COMPANY LIMITED,Industrials,Petrochemicals & Chemicals,sSET,www.ggcplc.com,2017-07-23 06:31:08.778581,2022-01-15 03:54:12.807302
192,GLAND,GRAND CANAL LAND PUBLIC COMPANY LIMITED,Property & Construction,Property Development,SET,www.grandcanalland.com,2017-07-23 06:31:09.483793,2017-07-23 06:31:09.483793
193,GLOBAL,SIAM GLOBAL HOUSE PUBLIC COMPANY LIMITED,Services,Commerce,SET50 / SETCLMV / SETTHSI / SETWB,www.globalhouse.co.th,2017-07-23 06:31:11.317301,2022-01-15 03:54:12.813219
652,GPI,GRAND PRIX INTERNATIONAL PUBLIC COMPANY LIMITED,Services,Media & Publishing,SET,www.grandprix.co.th,2017-12-21 13:43:30.326497,2017-12-21 13:43:30.326497
197,GPSC,GLOBAL POWER SYNERGY PUBLIC COMPANY LIMITED,Resources,Energy & Utilities,SET50 / SETTHSI,www.gpscgroup.com,2017-07-23 06:31:12.018425,2021-01-26 15:41:59.498854
198,GRAMMY,GMM GRAMMY PUBLIC COMPANY LIMITED,Services,Media & Publishing,SET,www.gmmgrammy.com,2017-07-23 06:31:12.194015,2017-07-23 06:31:12.194015
653,GULF,GULF ENERGY DEVELOPMENT PUBLIC COMPANY LIMITED,Resources,Energy & Utilities,SET50 / SETCLMV / SETTHSI,www.gulf.co.th,2017-12-21 13:43:30.426842,2021-01-26 15:41:59.507480
202,GUNKUL,GUNKUL ENGINEERING PUBLIC COMPANY LIMITED,Resources,Energy & Utilities,SET100 / SETCLMV / SETHD / SETTHSI,www.gunkul.com,2017-07-23 06:31:13.085136,2022-01-15 03:54:12.821426
654,GVREIT,GOLDEN VENTURES LEASEHOLD REAL ESTATE INVESTMENT TRUST,Property & Construction,Property Fund & REITs,SET,www.gvreit.com,2017-12-21 13:43:30.526911,2017-12-21 13:43:30.526911
205,HANA,HANA MICROELECTRONICS PUBLIC COMPANY LIMITED,Technology,Electronic Components,SET100 / SETTHSI,www.hanagroup.com,2017-07-23 06:31:13.593731,2022-01-15 03:54:12.827891
207,HFT,HWA FONG RUBBER (THAILAND) PUBLIC COMPANY LIMITED,Industrials,Automotive,sSET,www.duro.co.th,2017-07-23 06:31:13.934713,2021-01-26 15:41:59.525849
208,HMPRO,HOME PRODUCT CENTER PUBLIC COMPANY LIMITED,Services,Commerce,SET50 / SETTHSI / SETWB,www.homepro.co.th,2017-07-23 06:31:14.102242,2019-11-19 07:11:22.113622
212,HTC,HAAD THIP PUBLIC COMPANY LIMITED,Agro & Food Industry,Food & Beverage,sSET / SETTHSI,www.haadthip.com,2017-07-23 06:31:14.802103,2021-01-26 15:41:59.532866
213,HTECH,HALCYON TECHNOLOGY PUBLIC COMPANY LIMITED,Industrials,Industrial Materials & Machinery,SET,www.halcyon.co.th,2017-07-23 06:31:14.943226,2017-07-23 06:31:14.943226
655,HUMAN,HUMANICA PUBLIC COMPANY LIMITED,Technology,Information & Communication Technology,sSET,www.humanica.com,2017-12-21 13:43:30.642341,2019-03-03 03:43:40.792064
215,ICC,I.C.C. INTERNATIONAL PUBLIC COMPANY LIMITED,Consumer Products,Fashion,SET,www.icc.co.th,2017-07-23 06:31:15.310358,2017-07-23 06:31:15.310358
216,ICHI,ICHITAN GROUP PUBLIC COMPANY LIMITED,Agro & Food Industry,Food & Beverage,sSET / SETCLMV,www.ichitangroup.com,2017-07-23 06:31:15.468451,2022-01-15 03:54:12.839128
219,IFS,IFS CAPITAL (THAILAND) PUBLIC COMPANY LIMITED,Financials,Finance & Securities,SET,www.ifscapthai.com,2017-07-23 06:31:15.810862,2017-07-23 06:31:15.810862
220,IHL,INTERHIDES PUBLIC COMPANY LIMITED,Industrials,Automotive,SET,www.interhides.com,2017-07-23 06:31:15.984984,2021-01-26 15:41:59.541552
637,III,TRIPLE I LOGISTICS PUBLIC COMPANY LIMITED,Services,Transportation & Logistics,sSET,www.iii-logistics.com,2017-09-01 02:49:07.120556,2018-08-12 12:53:54.151421
221,ILINK,INTERLINK COMMUNICATION PUBLIC COMPANY LIMITED,Technology,Information & Communication Technology,sSET,www.interlink.co.th,2017-07-23 06:31:16.093079,2022-01-15 03:54:12.846721
725,ILM,INDEX LIVING MALL PUBLIC COMPANY LIMITED,Services,Commerce,sSET,www.indexlivingmall.com,2021-08-07 15:06:58.185702,2021-08-07 15:06:58.185702
730,IMH,INTERMEDICAL CARE AND LAB HOSPITAL PUBLIC COMPANY LIMITED,Services,Services,mai,www.intermedthai.com/,2021-08-22 15:11:51.511917,2022-01-15 03:54:12.858021
222,IMPACT,IMPACT GROWTH REAL ESTATE INVESTMENT TRUST,Property & Construction,Property Fund & REITs,SET,www.impactgrowthreit.com,2017-07-23 06:31:16.193149,2017-07-23 06:31:16.193149
223,INET,INTERNET THAILAND PUBLIC COMPANY LIMITED,Technology,Information & Communication Technology,SET,www.inet.co.th,2017-07-23 06:31:16.302075,2017-07-23 06:31:16.302075
674,INOX,POSCO-THAINOX PUBLIC COMPANY LIMITED,Industrials,Steel and Metal Products,SET,www.poscothainox.com,2018-08-12 12:53:54.698730,2021-08-22 18:21:29.908036
738,INSET,INFRASET PUBLIC COMPANY LIMITED,Technology,Technology,mai,www.infraset.co.th,2021-11-27 02:52:23.150933,2021-11-27 02:52:23.150933
736,IP,INTER PHARMA PUBLIC COMPANY LIMITED,Consumer Products,Consumer Products,mai,www.interpharma.co.th,2021-10-25 15:07:42.612339,2021-10-25 15:07:42.612339
225,IRC,INOUE RUBBER (THAILAND) PUBLIC COMPANY LIMITED,Industrials,Automotive,SET,www.ircthailand.com,2017-07-23 06:31:16.527666,2017-07-23 06:31:16.527666
227,IRPC,IRPC PUBLIC COMPANY LIMITED,Resources,Energy & Utilities,SET50 / SETCLMV / SETTHSI,https://www.irpc.co.th,2017-07-23 06:31:16.891853,2021-07-07 03:34:13.770280
230,ITEL,INTERLINK TELECOM PUBLIC COMPANY LIMITED,Technology,,mai,www.interlinktelecom.co.th,2017-07-23 06:31:17.302614,2017-07-23 06:31:17.302614
231,IVL,INDORAMA VENTURES PUBLIC COMPANY LIMITED,Industrials,Petrochemicals & Chemicals,SET50 / SETTHSI,www.indoramaventures.com,2017-07-23 06:31:17.419199,2021-07-07 03:34:13.775565
232,J,JAS ASSET PUBLIC COMPANY LIMITED,Property & Construction,Property Development,SET,www.jasasset.co.th,2017-07-23 06:31:17.534876,2017-07-23 06:31:17.534876
233,JAS,JASMINE INTERNATIONAL PUBLIC COMPANY LIMITED,Technology,Information & Communication Technology,SET,www.jasmine.com,2017-07-23 06:31:17.652074,2022-01-15 03:54:12.873884
657,JKN,JKN GLOBAL MEDIA PUBLIC COMPANY LIMITED,Services,Media & Publishing,sSET,www.jknglobal.com,2017-12-21 13:43:30.900135,2021-01-26 15:41:59.582273
236,JMART,JAY MART PUBLIC COMPANY LIMITED,Technology,Information & Communication Technology,SET50,www.jaymart.co.th,2017-07-23 06:31:18.044352,2021-01-26 15:41:59.587268
237,JMT,JMT NETWORK SERVICES PUBLIC COMPANY LIMITED,Financials,Finance & Securities,SET50,www.jmtnetwork.co.th,2017-07-23 06:31:18.198992,2021-01-26 15:41:59.593134
239,JTS,JASMINE TECHNOLOGY SOLUTION PUBLIC COMPANY LIMITED,Technology,Information & Communication Technology,SET,www.jts.co.th,2017-07-23 06:31:18.426456,2022-01-15 03:54:12.881417
240,JUBILE,JUBILEE ENTERPRISE PUBLIC COMPANY LIMITED,Consumer Products,Consumer Products,mai,www.jubileediamond.co.th,2017-07-23 06:31:18.609861,2022-01-15 03:54:12.886322
243,KAMART,KARMARTS PUBLIC COMPANY LIMITED,Services,Commerce,sSET,www.karmarts.co.th,2017-07-23 06:31:19.068378,2017-12-27 02:26:15.184537
245,KBANK,KASIKORNBANK PUBLIC COMPANY LIMITED,Financials,Banking,SET50 / SETCLMV / SETTHSI,www.kasikornbank.com,2017-07-23 06:31:19.285475,2021-07-07 03:34:13.794758
248,KCAR,KRUNGTHAI CAR RENT AND LEASE PUBLIC COMPANY LIMITED,Financials,Finance & Securities,SET,www.krungthai.co.th,2017-07-23 06:31:19.590586,2019-03-03 03:43:41.424801
249,KCE,KCE ELECTRONICS PUBLIC COMPANY LIMITED,Technology,Electronic Components,SET50,www.kcethai.in.th,2017-07-23 06:31:19.701735,2021-07-07 03:34:13.799902
252,KGI,KGI SECURITIES (THAILAND) PUBLIC COMPANY LIMITED,Financials,Finance & Securities,sSET,www.kgieworld.co.th,2017-07-23 06:31:20.067638,2017-12-27 02:26:15.538255
255,KKP,KIATNAKIN PHATRA BANK PUBLIC COMPANY LIMITED,Financials,Banking,SET100 / SETCLMV / SETHD / SETTHSI,https://bank.kkpfg.com/,2017-07-23 06:31:20.501543,2021-01-26 15:41:59.628375
257,KSL,KHON KAEN SUGAR INDUSTRY PUBLIC COMPANY LIMITED,Agro & Food Industry,Food & Beverage,SETCLMV,www.kslgroup.com,2017-07-23 06:31:20.707635,2022-01-15 03:54:12.896325
258,KTB,KRUNG THAI BANK PUBLIC COMPANY LIMITED,Financials,Banking,SET50 / SETHD / SETTHSI,https://krungthai.com,2017-07-23 06:31:20.817937,2021-01-26 15:41:59.639321
259,KTC,KRUNGTHAI CARD PUBLIC COMPANY LIMITED,Financials,Finance & Securities,SET50 / SETTHSI,www.ktc.co.th,2017-07-23 06:31:20.917985,2021-01-26 15:41:59.644329
260,KTIS,KASET THAI INTERNATIONAL SUGAR CORPORATION PUBLIC COMPANY LIMITED,Agro & Food Industry,Food & Beverage,SET,www.ktisgroup.com,2017-07-23 06:31:21.027196,2017-07-23 06:31:21.027196
262,KYE,KANG YONG ELECTRIC PUBLIC COMPANY LIMITED,Consumer Products,Home & Office Products,SET,www.mitsubishi-kye.com,2017-07-23 06:31:21.241450,2018-08-12 12:53:57.637381
263,LALIN,LALIN PROPERTY PUBLIC COMPANY LIMITED,Property & Construction,Property Development,sSET,www.lalinproperty.com,2017-07-23 06:31:21.351487,2021-01-26 15:41:59.652212
264,LANNA,THE LANNA RESOURCES PUBLIC COMPANY LIMITED,Resources,Energy & Utilities,sSET,www.lannar.com,2017-07-23 06:31:21.518187,2021-01-26 15:41:59.658586
266,LEE,LEE FEED MILL PUBLIC COMPANY LIMITED,Agro & Food Industry,Agribusiness,SET,www.leepattana.com,2017-07-23 06:31:21.786043,2017-07-23 06:31:21.786043
267,LH,LAND AND HOUSES PUBLIC COMPANY LIMITED,Property & Construction,Property Development,SET50 / SETHD,www.lh.co.th,2017-07-23 06:31:21.884641,2018-06-21 02:40:00.379392
268,LHFG,LH FINANCIAL GROUP PUBLIC COMPANY LIMITED,Financials,Banking,SET,https://www.lhfg.co.th,2017-07-23 06:31:21.993613,2021-01-26 15:41:59.665895
679,LHHOTEL,LH HOTEL LEASEHOLD REAL ESTATE INVESTMENT TRUST,Property & Construction,Property Fund & REITs,SET,www.lhfund.co.th,2019-03-03 03:43:41.771417,2019-03-03 03:43:41.771417
270,LHK,LOHAKIT METAL PUBLIC COMPANY LIMITED,Industrials,Steel and Metal Products,SET,www.lohakit.co.th,2017-07-23 06:31:22.299278,2021-08-22 18:21:29.940065
272,LHSC,LH SHOPPING CENTERS LEASEHOLD REAL ESTATE INVESTMENT TRUST,Property & Construction,Property Fund & REITs,SET,www.lhfund.co.th,2017-07-23 06:31:22.593089,2017-07-23 06:31:22.593089
273,LIT,LEASE IT PUBLIC COMPANY LIMITED,Financials,Financials,mai,www.leaseit.co.th,2017-07-23 06:31:22.751914,2022-01-15 03:54:12.908594
275,LPH,LADPRAO GENERAL HOSPITAL PUBLIC COMPANY LIMITED,Services,Health Care Services,sSET,www.ladpraohospital.com,2017-07-23 06:31:22.951004,2017-12-27 02:26:16.108775
276,LPN,L.P.N. DEVELOPMENT PUBLIC COMPANY LIMITED,Property & Construction,Property Development,sSET / SETTHSI,www.lpn.co.th,2017-07-23 06:31:23.051021,2019-03-03 03:43:42.025428
278,LST,LAM SOON (THAILAND) PUBLIC COMPANY LIMITED,Agro & Food Industry,Food & Beverage,sSET,www.lamsoon.co.th,2017-07-23 06:31:23.327010,2022-01-15 03:54:12.916256
279,M,MK RESTAURANT GROUP PUBLIC COMPANY LIMITED,Agro & Food Industry,Food & Beverage,SETWB,www.mkrestaurant.com,2017-07-23 06:31:23.484838,2019-11-19 07:11:23.304305
282,MAJOR,MAJOR CINEPLEX GROUP PUBLIC COMPANY LIMITED,Services,Media & Publishing,SET100 / SETCLMV / SETTHSI,www.majorcineplex.com,2017-07-23 06:31:23.860123,2021-07-07 03:34:13.827819
288,MBAX,MULTIBAX PUBLIC COMPANY LIMITED,Industrial,Industrial,mai,www.multibax.com,2017-07-23 06:31:24.517698,2022-01-15 03:54:12.924566
289,MBK,MBK PUBLIC COMPANY LIMITED,Property & Construction,Property Development,SET,www.mbkgroup.co.th,2017-07-23 06:31:24.618290,2021-07-07 03:34:13.834359
291,MC,MC GROUP PUBLIC COMPANY LIMITED,Services,Commerce,sSET,www.mcgroupnet.com,2017-07-23 06:31:24.901488,2018-08-12 12:53:58.712254
293,MCS,M.C.S.STEEL PUBLIC COMPANY LIMITED,Industrials,Steel and Metal Products,sSET,www.mcssteel.com,2017-07-23 06:31:25.175515,2021-08-22 18:21:29.955601
294,MDX,M.D.X. PUBLIC COMPANY LIMITED,Resources,Energy & Utilities,SET,www.mdx.co.th,2017-07-23 06:31:25.259976,2017-07-23 06:31:25.259976
295,MEGA,MEGA LIFESCIENCES PUBLIC COMPANY LIMITED,Services,Commerce,SET100 / SETCLMV / SETWB,www.megawecare.com,2017-07-23 06:31:25.351627,2019-11-19 07:11:23.553810
296,MFC,MFC ASSET MANAGEMENT PUBLIC COMPANY LIMITED,Financials,Finance & Securities,SET,www.mfcfund.com,2017-07-23 06:31:25.501034,2017-07-23 06:31:25.501034
297,MFEC,MFEC PUBLIC COMPANY LIMITED,Technology,Information & Communication Technology,sSET,www.mfec.co.th,2017-07-23 06:31:25.601638,2022-01-15 03:54:12.939696
301,MINT,MINOR INTERNATIONAL PUBLIC COMPANY LIMITED,Agro & Food Industry,Food & Beverage,SET50 / SETCLMV / SETTHSI / SETWB,www.minor.com,2017-07-23 06:31:26.051885,2019-11-19 07:11:23.698934
304,MJD,MAJOR DEVELOPMENT PUBLIC COMPANY LIMITED,Property & Construction,Property Development,SET,www.mjd.co.th,2017-07-23 06:31:26.434904,2019-11-19 07:11:23.849324
310,MODERN,MODERNFORM GROUP PUBLIC COMPANY LIMITED,Consumer Products,Home & Office Products,SET,www.modernform.com,2017-07-23 06:31:27.109129,2019-11-19 07:11:23.956419
313,MSC,METRO SYSTEMS CORPORATION PUBLIC COMPANY LIMITED,Technology,Information & Communication Technology,SET,www.metrosystems.co.th,2017-07-23 06:31:27.542380,2017-07-23 06:31:27.542380
290,MST,MAYBANK SECURITIES (THAILAND) PUBLIC COMPANY LIMITED,Financials,Finance & Securities,SET,www.maybank-ke.co.th,2017-07-23 06:31:24.727336,2022-01-15 03:54:12.929487
315,MTC,MUANGTHAI CAPITAL PUBLIC COMPANY LIMITED,Financials,Finance & Securities,SET50 / SETTHSI,www.muangthaicap.com,2017-07-23 06:31:27.734879,2021-01-26 15:41:59.736895
314,MTI,MUANG THAI INSURANCE PUBLIC COMPANY LIMITED,Financials,Insurance,sSET,www.muangthaiinsurance.com,2017-07-23 06:31:27.634372,2022-01-15 03:54:12.946535
317,NCH,N. C. HOUSING PUBLIC COMPANY LIMITED,Property & Construction,Property Development,SET,www.ncgroup.co.th,2017-07-23 06:31:28.033403,2017-07-23 06:31:28.033403
680,NER,NORTH EAST RUBBER PUBLIC COMPANY LIMITED,Agro & Food Industry,Agribusiness,sSET,www.nerubber.com,2019-03-03 03:43:42.465733,2019-11-19 07:11:24.050281
327,NNCL,NAVANAKORN PUBLIC COMPANY LIMITED,Property & Construction,Property Development,sSET,www.navanakorn.co.th,2017-07-23 06:31:29.558906,2021-07-07 03:34:13.850995
328,NOBLE,NOBLE DEVELOPMENT PUBLIC COMPANY LIMITED,Property & Construction,Property Development,sSET,www.noblehome.com,2017-07-23 06:31:29.676352,2019-11-19 07:11:24.129040
733,NRF,NR INSTANT PRODUCE PUBLIC COMPANY LIMITED,Agro & Food Industry,Food & Beverage,SET,https://www.nrinstant.com/,2021-08-29 06:31:32.532534,2022-01-15 03:54:12.955641
332,NTV,NONTHAVEJ HOSPITAL PUBLIC COMPANY LIMITED,Services,Health Care Services,SET,www.nonthavej.co.th,2017-07-23 06:31:30.268101,2017-07-23 06:31:30.268101
336,NYT,NAMYONG TERMINAL PUBLIC COMPANY LIMITED,Services,Transportation & Logistics,sSET / SETTHSI,www.namyongterminal.com,2017-07-23 06:31:30.776642,2021-07-07 03:34:13.857109
741,ONEE,THE ONE ENTERPRISE PUBLIC COMPANY LIMITED,Services,Media & Publishing,SET100,www.theoneenterprise.com,2022-07-03 00:17:44.125032,2022-07-03 00:17:44.125032
715,OR,PTT OIL AND RETAIL BUSINESS PUBLIC COMPANY LIMITED,Resources,Energy & Utilities,SET50 / SETCLMV,www.pttor.com,2021-02-12 02:29:19.989397,2022-01-15 03:54:12.962274
339,ORI,ORIGIN PROPERTY PUBLIC COMPANY LIMITED,Property & Construction,Property Development,SET100 / SETHD / SETTHSI,www.origin.co.th,2017-07-23 06:31:31.201362,2022-01-15 03:54:12.968797
681,OSP,OSOTSPA PUBLIC COMPANY LIMITED,Agro & Food Industry,Food & Beverage,SET50 / SETCLMV / SETHD / SETTHSI / SETWB,www.osotspa.com,2019-03-03 03:43:42.797117,2022-01-15 03:54:12.974471
342,PAP,PACIFIC PIPE PUBLIC COMPANY LIMITED,Industrials,Steel and Metal Products,sSET,www.pacificpipe.co.th,2017-07-23 06:31:31.597694,2022-01-15 03:54:12.979321
344,PB,PRESIDENT BAKERY PUBLIC COMPANY LIMITED,Agro & Food Industry,Food & Beverage,SET,www.farmhouse.co.th,2017-07-23 06:31:31.855545,2017-07-23 06:31:31.855545
346,PCSGH,P.C.S. MACHINE GROUP HOLDING PUBLIC COMPANY LIMITED,Industrials,Automotive,SET,www.pcsgh.com,2017-07-23 06:31:32.100729,2019-11-19 07:11:24.475416
347,PDG,PRODIGY PUBLIC COMPANY LIMITED,Industrial,Industrial,mai,www.prodigy.co.th,2017-07-23 06:31:32.209499,2022-01-15 03:54:12.985822
371,PDJ,PRANDA JEWELRY PUBLIC COMPANY LIMITED,Consumer Products,Fashion,SET,www.pranda.com,2017-07-23 06:31:35.415945,2017-07-23 06:31:35.415945
350,PERM,PERMSIN STEEL WORKS PUBLIC COMPANY LIMITED,Industrials,Steel and Metal Products,SET,www.permsin.com,2017-07-23 06:31:32.550603,2021-08-22 18:21:29.983748
357,PL,PHATRA LEASING PUBLIC COMPANY LIMITED,Financials,Finance & Securities,SET,www.pl.co.th,2017-07-23 06:31:33.432753,2017-07-23 06:31:33.432753
358,PLANB,PLAN B MEDIA PUBLIC COMPANY LIMITED,Services,Media & Publishing,SET100 / SETTHSI,www.planbmedia.co.th,2017-07-23 06:31:33.542008,2022-01-15 03:54:12.993395
359,PLAT,THE PLATINUM GROUP PUBLIC COMPANY LIMITED,Property & Construction,Property Development,sSET,theplatinumgroup.co.th,2017-07-23 06:31:33.630547,2021-01-26 15:41:59.795936
360,PLE,POWER LINE ENGINEERING PUBLIC COMPANY LIMITED,Property & Construction,Construction Services,SET,www.ple.co.th,2017-07-23 06:31:33.791417,2017-07-23 06:31:33.791417
361,PM,PREMIER MARKETING PUBLIC COMPANY LIMITED,Agro & Food Industry,Food & Beverage,sSET / SETTHSI,www.premier-marketing.co.th,2017-07-23 06:31:33.891539,2021-07-07 03:34:13.877136
364,POPF,PRIME OFFICE LEASEHOLD PROPERTY FUND,Property & Construction,Property Fund & REITs,SET,www.scbam.com,2017-07-23 06:31:34.357854,2017-07-23 06:31:34.357854
658,PORT,SAHATHAI TERMINAL PUBLIC COMPANY LIMITED,Services,Transportation & Logistics,SET,sahathaiterminal.com/,2017-12-21 13:43:31.147442,2021-01-26 15:41:59.810222
682,PR9,PRARAM 9 HOSPITAL PUBLIC COMPANY LIMITED,Services,Health Care Services,sSET / SETTHSI,www.praram9.com,2019-03-03 03:43:43.160108,2022-01-15 03:54:13.000881
372,PREB,PRE-BUILT PUBLIC COMPANY LIMITED,Property & Construction,Construction Services,SET,www.prebuilt.co.th,2017-07-23 06:31:35.566133,2021-01-26 15:41:59.818302
374,PRG,PRG CORPORATION PUBLIC COMPANY LIMITED,Agro & Food Industry,Food & Beverage,SET,www.patumrice.co.th,2017-07-23 06:31:35.933518,2021-07-07 03:34:13.885003
375,PRIN,PRINSIRI PUBLIC COMPANY LIMITED,Property & Construction,Property Development,SET,www.prinsiri.com,2017-07-23 06:31:36.107582,2017-07-23 06:31:36.107582
639,PRM,PRIMA MARINE PUBLIC COMPANY LIMITED,Services,Transportation & Logistics,sSET,www.primamarine.co.th,2017-09-15 02:00:55.135143,2022-01-15 03:54:13.008112
377,PSH,PRUKSA HOLDING PUBLIC COMPANY LIMITED,Property & Construction,Property Development,SETTHSI,www.psh.co.th,2017-07-23 06:31:36.425256,2021-01-26 15:41:59.827209
734,PSL,PRECIOUS SHIPPING PUBLIC COMPANY LIMITED,Services,Transportation & Logistics,SET100,www.preciousshipping.com,2021-08-29 06:31:32.538618,2022-01-15 03:54:13.014148
381,PTG,PTG ENERGY PUBLIC COMPANY LIMITED,Resources,Energy & Utilities,SET100 / SETHD / SETTHSI,www.ptgenergy.co.th,2017-07-23 06:31:37.033593,2022-01-15 03:54:13.019352
382,PTL,POLYPLEX (THAILAND) PUBLIC COMPANY LIMITED,Industrials,Packaging,SET,www.polyplexthailand.com,2017-07-23 06:31:37.130427,2022-01-15 03:54:13.025251
383,PTT,PTT PUBLIC COMPANY LIMITED,Resources,Energy & Utilities,SET50 / SETCLMV / SETHD / SETTHSI,www.pttplc.com,2017-07-23 06:31:37.233572,2019-11-19 07:11:25.130404
384,PTTEP,PTT EXPLORATION AND PRODUCTION PUBLIC COMPANY LIMITED,Resources,Energy & Utilities,SET50 / SETCLMV / SETHD / SETTHSI,www.pttep.com,2017-07-23 06:31:37.341304,2021-01-26 15:41:59.849259
385,PTTGC,PTT GLOBAL CHEMICAL PUBLIC COMPANY LIMITED,Industrials,Petrochemicals & Chemicals,SET50 / SETCLMV / SETTHSI,www.pttgcgroup.com,2017-07-23 06:31:37.524939,2021-07-07 03:34:13.916539
386,PYLON,PYLON PUBLIC COMPANY LIMITED,Property & Construction,Construction Services,sSET,www.pylon.co.th,2017-07-23 06:31:37.699633,2017-12-27 02:26:18.814089
387,Q-CON,QUALITY CONSTRUCTION PRODUCTS PUBLIC COMPANY LIMITED,Property & Construction,Construction Materials,SET,www.qcon.co.th,2017-07-23 06:31:37.866772,2017-07-23 06:31:37.866772
388,QH,QUALITY HOUSES PUBLIC COMPANY LIMITED,Property & Construction,Property Development,SET100 / SETHD,www.qh.co.th,2017-07-23 06:31:38.049820,2017-07-23 06:31:38.049820
692,QHHR,QUALITY HOUSES HOTEL AND RESIDENCE FREEHOLD AND LEASEHOLD PROPERTY FUND,Property & Construction,Property Fund & REITs,SET,No url,2019-03-03 09:02:39.474873,2019-03-03 09:02:39.474873
393,QTC,QTC ENERGY PUBLIC COMPANY LIMITED,Resources,Energy & Utilities,SET,www.qtc-energy.com,2017-07-23 06:31:38.882286,2021-08-22 18:36:55.436669
394,RATCH,RATCH GROUP PUBLIC COMPANY LIMITED,Resources,Energy & Utilities,SET100 / SETCLMV / SETHD / SETTHSI,www.ratch.co.th,2017-07-23 06:31:39.066150,2021-07-07 03:34:13.928033
703,RBF,R&B FOOD SUPPLY PUBLIC COMPANY LIMITED,Agro & Food Industry,Food & Beverage,SET100 / SETCLMV / SETWB,https://www.rbfoodsupply.co.th,2019-11-19 07:11:25.552170,2021-01-26 15:41:59.865078
396,RCL,REGIONAL CONTAINER LINES PUBLIC COMPANY LIMITED,Services,Transportation & Logistics,SET100 / SETCLMV,www.rclgroup.com,2017-07-23 06:31:39.448926,2022-01-15 03:54:13.035036
398,RICHY,RICHY PLACE 2002 PUBLIC COMPANY LIMITED,Property & Construction,Property Development,SET,www.richy.co.th,2017-07-23 06:31:39.716555,2019-11-19 07:11:25.755256
399,RJH,RAJTHANEE HOSPITAL PUBLIC COMPANY LIMITED,Services,Health Care Services,sSET,www.rajthanee.com,2017-07-23 06:31:39.891624,2017-12-27 02:26:19.042854
404,ROJNA,ROJANA INDUSTRIAL PARK PUBLIC COMPANY LIMITED,Property & Construction,Property Development,sSET,www.rojana.com,2017-07-23 06:31:40.706123,2017-12-27 02:26:19.237126
406,RPC,RPCG PUBLIC COMPANY LIMITED,Resources,Energy & Utilities,SET,www.rpcthai.com,2017-07-23 06:31:41.090514,2017-07-23 06:31:41.090514
408,RS,RS PUBLIC COMPANY LIMITED,Services,Commerce,SET / SETTHSI,www.rs.co.th,2017-07-23 06:31:41.422986,2022-01-15 03:54:13.043179
659,RSP,RICH SPORT PUBLIC COMPANY LIMITED,Services,Commerce,SET,www.richsport.co.th,2017-12-21 13:43:31.301078,2019-03-03 03:43:43.599068
722,RT,RIGHT TUNNELLING PUBLIC COMPANY LIMITED,Property & Construction,Construction Services,SET,No url,2021-03-30 03:05:46.299316,2021-03-30 03:05:46.299316
410,S,SINGHA ESTATE PUBLIC COMPANY LIMITED,Property & Construction,Property Development,sSET / SETTHSI,www.singhaestate.co.th,2017-07-23 06:31:41.690393,2021-01-26 15:41:59.893320
693,S & J,S & J INTERNATIONAL ENTERPRISES PUBLIC COMPANY LIMITED,Consumer Products,Personal Products & Pharmaceuticals,SET,www.snjinter.com,2019-03-03 09:02:39.616466,2019-03-03 09:02:39.616466
412,S11,S 11 GROUP PUBLIC COMPANY LIMITED,Financials,Finance & Securities,sSET,www.sgroup.co.th,2017-07-23 06:31:42.031741,2021-01-26 15:41:59.898759
413,SABINA,SABINA PUBLIC COMPANY LIMITED,Consumer Products,Fashion,sSET,www.sabina.co.th,2017-07-23 06:31:42.199792,2021-01-26 15:41:59.905126
416,SAMART,SAMART CORPORATION PUBLIC COMPANY LIMITED,Technology,Information & Communication Technology,sSET / SETCLMV,www.samartcorp.com,2017-07-23 06:31:42.690315,2018-08-12 12:54:05.778737
418,SAMTEL,SAMART TELCOMS PUBLIC COMPANY LIMITED,Technology,Information & Communication Technology,sSET,www.samtel.com,2017-07-23 06:31:42.965282,2021-01-26 15:41:59.913347
420,SAPPE,SAPPE PUBLIC COMPANY LIMITED,Agro & Food Industry,Food & Beverage,sSET,www.sappe.com,2017-07-23 06:31:43.249294,2017-12-27 02:26:19.817119
421,SAT,SOMBOON ADVANCE TECHNOLOGY PUBLIC COMPANY LIMITED,Industrials,Automotive,sSET / SETTHSI,www.satpcl.co.th,2017-07-23 06:31:43.366289,2018-08-12 12:54:06.298269
422,SAUCE,THAITHEPAROS PUBLIC COMPANY LIMITED,Agro & Food Industry,Food & Beverage,SET,www.gmsauce.com,2017-07-23 06:31:43.465664,2017-07-23 06:31:43.465664
423,SAWAD,SRISAWAD CORPORATION PUBLIC COMPANY LIMITED,Financials,Finance & Securities,SET50,www.meebaanmeerod.com,2017-07-23 06:31:43.666142,2019-11-19 07:11:26.195122
425,SC,SC ASSET CORPORATION PUBLIC COMPANY LIMITED,Property & Construction,Property Development,sSET / SETTHSI,www.scasset.com,2017-07-23 06:31:43.890670,2018-08-12 12:54:06.806691
426,SCB,THE SIAM COMMERCIAL BANK PUBLIC COMPANY LIMITED,Financials,Banking,SET50 / SETCLMV / SETTHSI,www.scb.co.th,2017-07-23 06:31:44.091944,2022-01-15 03:54:13.062428
427,SCC,THE SIAM CEMENT PUBLIC COMPANY LIMITED,Property & Construction,Construction Materials,SET50 / SETCLMV / SETHD / SETTHSI,www.scg.com,2017-07-23 06:31:44.196856,2019-11-19 07:11:26.309022
428,SCCC,SIAM CITY CEMENT PUBLIC COMPANY LIMITED,Property & Construction,Construction Materials,SETCLMV / SETTHSI,www.siamcitycement.com,2017-07-23 06:31:44.357168,2021-01-26 15:41:59.928836
713,SCGP,SCG PACKAGING PUBLIC COMPANY LIMITED,Industrials,Packaging,SET50 / SETCLMV / SETTHSI,www.scgpackaging.com,2021-01-26 15:41:59.936338,2022-01-15 03:54:13.069039
431,SCN,SCAN INTER PUBLIC COMPANY LIMITED,Resources,Energy & Utilities,SET,www.scan-inter.com,2017-07-23 06:31:44.899329,2021-01-26 15:41:59.943329
432,SCP,SOUTHERN CONCRETE PILE PUBLIC COMPANY LIMITED,Property & Construction,Construction Materials,SET,www.scp.co.th,2017-07-23 06:31:45.083048,2017-07-23 06:31:45.083048
434,SEAFCO,SEAFCO PUBLIC COMPANY LIMITED,Property & Construction,Construction Services,sSET,seafco.co.th,2017-07-23 06:31:45.515352,2021-01-26 15:41:59.949898
437,SENA,SENADEVELOPMENT PUBLIC COMPANY LIMITED,Property & Construction,Property Development,sSET,www.sena.co.th,2017-07-23 06:31:46.006707,2017-12-27 02:26:20.390718
731,SFLEX,STARFLEX PUBLIC COMPANY LIMITED,Industrials,Packaging,sSET,www.starflex.co.th,2021-08-22 15:11:51.518120,2021-08-22 15:11:51.518120
441,SGP,SIAMGAS AND PETROCHEMICALS PUBLIC COMPANY LIMITED,Resources,Energy & Utilities,SET,www.siamgas.com,2017-07-23 06:31:46.689206,2021-01-26 15:41:59.959563
442,SHANG,SHANGRI-LA HOTEL PUBLIC COMPANY LIMITED,Services,Tourism & Leisure,SET,www.shangri-la.com,2017-07-23 06:31:46.804714,2017-07-23 06:31:46.804714
443,SIAM,SIAM STEEL INTERNATIONAL PUBLIC COMPANY LIMITED,Consumer Products,Home & Office Products,SET,www.siamsteel.com,2017-07-23 06:31:46.924414,2017-07-23 06:31:46.924414
446,SINGER,SINGER THAILAND PUBLIC COMPANY LIMITED,Services,Commerce,SET100,www.singerthai.co.th,2017-07-23 06:31:47.349266,2021-07-07 03:34:13.974195
447,SIRI,SANSIRI PUBLIC COMPANY LIMITED,Property & Construction,Property Development,SET / SETTHSI,www.sansiri.com,2017-07-23 06:31:47.490953,2022-01-15 03:54:13.083352
449,SIS,SIS DISTRIBUTION (THAILAND) PUBLIC COMPANY LIMITED,Technology,Information & Communication Technology,sSET,www.sisthai.com,2017-07-23 06:31:47.756542,2019-03-03 03:43:43.746079
683,SISB,SISB PUBLIC COMPANY LIMITED,Services,Professional Services,sSET,www.sisb.ac.th,2019-03-03 03:43:43.830815,2021-07-07 03:34:13.980228
242,SJWD,JWD INFOLOGISTICS PUBLIC COMPANY LIMITED,Services,Transportation & Logistics,sSET / SETTHSI,www.jwd-group.com,2017-07-23 06:31:18.959179,2019-03-03 03:43:41.262046
660,SKE,SAKOL ENERGY PUBLIC COMPANY LIMITED,Resources,Energy & Utilities,SET,www.sakolenergy.com,2017-12-21 13:43:31.448004,2017-12-21 13:43:31.448004
642,SKN,S.KIJCHAI ENTERPRISE PUBLIC COMPANY LIMITED,Property & Construction,Construction Materials,sSET,www.skn.co.th,2017-10-13 05:33:23.808784,2021-07-07 03:34:13.989298
451,SKR,SIKARIN PUBLIC COMPANY LIMITED,Services,Health Care Services,SET,www.sikarin.com,2017-07-23 06:31:48.023120,2019-03-03 03:43:44.046531
453,SMART,SMART CONCRETE PUBLIC COMPANY LIMITED,Property & Construction,Property & Construction,mai,www.smartblock.co.th,2017-07-23 06:31:48.306960,2022-01-15 03:54:13.091439
675,SMK,SYN MUN KONG INSURANCE PUBLIC COMPANY LIMITED,Financials,Insurance,SET,www.smk.co.th,2018-08-12 12:54:09.034002,2018-08-12 12:54:09.034002
455,SMPC,SAHAMITR PRESSURE CONTAINER PUBLIC COMPANY LIMITED,Industrials,Packaging,sSET,www.smpcplc.com,2017-07-23 06:31:48.564852,2021-01-26 15:41:59.994716
456,SMT,STARS MICROELECTRONICS (THAILAND) PUBLIC COMPANY LIMITED,Technology,Electronic Components,sSET,www.starsmicro.com,2017-07-23 06:31:48.673006,2021-07-07 03:34:13.996771
457,SNC,SNC FORMER PUBLIC COMPANY LIMITED,Industrials,Industrial Materials & Machinery,sSET / SETTHSI,www.sncformer.com,2017-07-23 06:31:48.790403,2022-01-15 03:54:13.099177
694,SNP,S & P SYNDICATE PUBLIC COMPANY LIMITED,Agro & Food Industry,Food & Beverage,SET,www.snpfood.com,2019-03-03 09:02:39.798678,2019-03-03 09:02:39.798678
459,SORKON,S. KHONKAEN FOODS PUBLIC COMPANY LIMITED,Agro & Food Industry,Food & Beverage,SET,www.sorkon.co.th,2017-07-23 06:31:49.073394,2017-07-23 06:31:49.073394
460,SPA,SIAM WELLNESS GROUP PUBLIC COMPANY LIMITED,Services,,mai,www.siamwellnessgroup.com,2017-07-23 06:31:49.228235,2017-07-23 06:31:49.228235
462,SPALI,SUPALAI PUBLIC COMPANY LIMITED,Property & Construction,Property Development,SET100 / SETHD,www.supalai.com,2017-07-23 06:31:49.499207,2022-01-15 03:54:13.105173
463,SPC,SAHA PATHANAPIBUL PUBLIC COMPANY LIMITED,Services,Commerce,SET,www.sahapat.co.th,2017-07-23 06:31:49.614868,2017-07-23 06:31:49.614868
464,SPCG,SPCG PUBLIC COMPANY LIMITED,Resources,Energy & Utilities,SET,www.spcg.co.th,2017-07-23 06:31:49.791002,2017-07-23 06:31:49.791002
466,SPG,THE SIAM PAN GROUP PUBLIC COMPANY LIMITED,Industrials,Automotive,SET,www.siampangroup.com,2017-07-23 06:31:50.006896,2017-07-23 06:31:50.006896
467,SPI,SAHA PATHANA INTER-HOLDING PUBLIC COMPANY LIMITED,Services,Commerce,SET,www.spi.co.th,2017-07-23 06:31:50.173177,2017-07-23 06:31:50.173177
470,SPRC,STAR PETROLEUM REFINING PUBLIC COMPANY LIMITED,Resources,Energy & Utilities,SET100 / SETCLMV,www.sprc.co.th,2017-07-23 06:31:50.615829,2021-01-26 15:42:00.011693
705,SPRIME,S PRIME GROWTH LEASEHOLD REAL ESTATE INVESTMENT TRUST,Property & Construction,Property Fund & REITs,SET,No url,2019-11-19 07:11:27.497243,2021-01-26 15:42:00.016837
472,SQ,SAHAKOL EQUIPMENT PUBLIC COMPANY LIMITED,Property & Construction,Construction Services,SET,www.sahakol.com,2017-07-23 06:31:50.872928,2019-03-03 03:43:44.415994
474,SRICHA,SRIRACHA CONSTRUCTION PUBLIC COMPANY LIMITED,Property & Construction,Construction Services,sSET,www.sricha.com,2017-07-23 06:31:51.089657,2021-01-26 15:42:00.024113
476,SSC,SERMSUK PUBLIC COMPANY LIMITED,Agro & Food Industry,Food & Beverage,SET,www.sermsukplc.com,2017-07-23 06:31:51.324032,2017-07-23 06:31:51.324032
643,SSP,SERMSANG POWER CORPORATION PUBLIC COMPANY LIMITED,Resources,Energy & Utilities,sSET / SETCLMV,www.sermsang.com,2017-10-13 05:33:24.004267,2021-01-26 15:42:00.032186
478,SSSC,SIAM STEEL SERVICE CENTER PUBLIC COMPANY LIMITED,Industrials,Steel and Metal Products,SET,www.ssscth.com,2017-07-23 06:31:51.623987,2021-08-22 18:21:30.045410
481,STA,SRI TRANG AGRO-INDUSTRY PUBLIC COMPANY LIMITED,Agro & Food Industry,Agribusiness,SET100 / SETTHSI / SETWB,www.sritranggroup.com,2017-07-23 06:31:51.957277,2022-01-15 03:54:13.122661
482,STANLY,THAI STANLEY ELECTRIC PUBLIC COMPANY LIMITED,Industrials,Automotive,sSET,www.thaistanley.com,2017-07-23 06:31:52.106272,2021-01-26 15:42:00.040701
714,STGT,SRI TRANG GLOVES (THAILAND) PUBLIC COMPANY LIMITED,Consumer Products,Personal Products & Pharmaceuticals,SET100 / SETTHSI,www.sritranggloves.com,2021-01-26 15:42:00.052117,2022-01-15 03:54:13.136033
486,SUC,SAHA-UNION PUBLIC COMPANY LIMITED,Consumer Products,Fashion,SET,www.sahaunion.co.th,2017-07-23 06:31:52.556633,2017-07-23 06:31:52.556633
667,SUN,SUNSWEET PUBLIC COMPANY LIMITED,Agro & Food Industry,Food & Beverage,SET,www.sunsweetthai.com,2017-12-28 02:14:09.955320,2021-07-07 03:34:14.032456
487,SUPER,SUPER ENERGY CORPORATION PUBLIC COMPANY LIMITED,Resources,Energy & Utilities,SET100 / SETCLMV,www.supercorp.co.th,2017-07-23 06:31:52.722805,2021-01-26 15:42:00.060439
706,SUPEREIF,SUPER ENERGY POWER PLANT INFRASTRUCTURE FUND,Resources,Energy & Utilities,SET,www.supereif.com,2019-11-19 07:11:27.915718,2022-01-15 03:54:13.142504
488,SUSCO,SUSCO PUBLIC COMPANY LIMITED,Resources,Energy & Utilities,sSET,www.susco.co.th,2017-07-23 06:31:52.906592,2017-12-27 02:26:21.747510
489,SUTHA,GOLDEN LIME PUBLIC COMPANY LIMITED,Industrials,Petrochemicals & Chemicals,SET,www.goldenlime.co.th,2017-07-23 06:31:53.081346,2017-07-23 06:31:53.081346
490,SVH,SAMITIVEJ PUBLIC COMPANY LIMITED,Services,Health Care Services,SET,www.samitivejhospitals.com,2017-07-23 06:31:53.248804,2021-07-07 03:34:14.040176
491,SVI,SVI PUBLIC COMPANY LIMITED,Technology,Electronic Components,SET,www.svi.co.th,2017-07-23 06:31:53.439633,2021-01-26 15:42:00.068374
492,SVOA,SVOA PUBLIC COMPANY LIMITED,Technology,Information & Communication Technology,SET,www.svoa.co.th,2017-07-23 06:31:53.614456,2017-07-23 06:31:53.614456
495,SYNEX,SYNNEX (THAILAND) PUBLIC COMPANY LIMITED,Technology,Information & Communication Technology,SET100 / SETTHSI,www.synnex.co.th,2017-07-23 06:31:54.023006,2021-07-07 03:34:14.046150
496,SYNTEC,SYNTEC CONSTRUCTION PUBLIC COMPANY LIMITED,Property & Construction,Construction Services,sSET,www.synteccon.com,2017-07-23 06:31:54.196947,2021-07-07 03:34:14.050654
498,TACC,T.A.C. CONSUMER PUBLIC COMPANY LIMITED,Agro & Food Industry,Agro & Food Industry,mai,www.tacconsumer.com,2017-07-23 06:31:54.465834,2022-01-15 03:54:13.151340
499,TAE,THAI AGRO ENERGY PUBLIC COMPANY LIMITED,Resources,Energy & Utilities,SET,www.thaiagroenergy.com,2017-07-23 06:31:54.647589,2017-07-23 06:31:54.647589
502,TASCO,TIPCO ASPHALT PUBLIC COMPANY LIMITED,Property & Construction,Construction Materials,SET100 / SETCLMV / SETHD / SETTHSI,www.tipcoasphalt.com,2017-07-23 06:31:54.989965,2021-01-26 15:42:00.086060
503,TCAP,THANACHART CAPITAL PUBLIC COMPANY LIMITED,Financials,Banking,SET100 / SETHD,www.thanachart.co.th,2017-07-23 06:31:55.147304,2021-01-26 15:42:00.090886
506,TCCC,THAI CENTRAL CHEMICAL PUBLIC COMPANY LIMITED,Industrials,Petrochemicals & Chemicals,SET,www.tcccthai.com,2017-07-23 06:31:55.548993,2017-07-23 06:31:55.548993
676,TEAMG,TEAM CONSULTING ENGINEERING AND MANAGEMENT PUBLIC COMPANY LIMITED,Property & Construction,Construction Services,SET,www.teamgroup.co.th,2018-08-12 12:54:11.503416,2021-01-26 15:42:00.101905
686,TFFIF,THAILAND FUTURE FUND,Services,Transportation & Logistics,SET,www.tffif.com,2019-03-03 03:43:44.948185,2019-03-03 03:43:44.948185
513,TFG,THAIFOODS GROUP PUBLIC COMPANY LIMITED,Agro & Food Industry,Food & Beverage,SET,www.tfg.co.th,2017-07-23 06:31:56.704570,2017-07-23 06:31:56.704570
522,THANI,RATCHTHANI LEASING PUBLIC COMPANY LIMITED,Financials,Finance & Securities,SET100 / SETHD / SETTHSI,www.ratchthani.com,2017-07-23 06:31:58.264521,2022-01-15 03:54:13.160978
523,THCOM,THAICOM PUBLIC COMPANY LIMITED,Technology,Information & Communication Technology,sSET / SETCLMV / SETTHSI,www.thaicom.net,2017-07-23 06:31:58.447364,2018-08-12 12:54:12.119410
524,THE,THE STEEL PUBLIC COMPANY LIMITED,Industrials,Steel and Metal Products,SET,www.thesteel.co.th,2017-07-23 06:31:58.614198,2021-08-22 18:21:30.071444
661,THG,THONBURI HEALTHCARE GROUP PUBLIC COMPANY LIMITED,Services,Health Care Services,SETCLMV / SETWB,www.thg.co.th/,2017-12-21 13:43:31.763390,2021-07-07 03:34:14.064543
525,THRE,THAI REINSURANCE PUBLIC COMPANY LIMITED,Financials,Insurance,sSET,www.thaire.co.th,2017-07-23 06:31:58.714516,2017-12-27 02:26:22.760931
526,THREL,THAIRE LIFE ASSURANCE PUBLIC COMPANY LIMITED,Financials,Insurance,SET,www.thairelife.co.th,2017-07-23 06:31:58.922409,2021-01-26 15:42:00.128101
718,TIF1,THAI INDUSTRIAL FUND 1,Property & Construction,Property Fund & REITs,SET,,2021-02-21 15:09:46.968481,2021-02-21 15:09:46.968481
530,TIPCO,TIPCO FOODS PUBLIC COMPANY LIMITED,Agro & Food Industry,Food & Beverage,sSET,www.tipco.net,2017-07-23 06:31:59.622355,2017-12-27 02:26:23.098918
529,TIPH,DHIPAYA GROUP HOLDINGS PUBLIC COMPANY LIMITED,Financials,Insurance,SET100,www.dhipayagroup.co.th,2017-07-23 06:31:59.464594,2022-01-15 03:54:13.173822
531,TISCO,TISCO FINANCIAL GROUP PUBLIC COMPANY LIMITED,Financials,Banking,SET50 / SETHD / SETTHSI,www.tisco.co.th,2017-07-23 06:31:59.755608,2018-08-12 12:54:12.457600
532,TK,THITIKORN PUBLIC COMPANY LIMITED,Financials,Finance & Securities,sSET,www.tk.co.th,2017-07-23 06:31:59.922248,2021-07-07 03:34:14.078554
533,TKN,TAOKAENOI FOOD & MARKETING PUBLIC COMPANY LIMITED,Agro & Food Industry,Food & Beverage,sSET,www.taokaenoi.co.th,2017-07-23 06:32:00.097422,2022-01-15 03:54:13.181260
534,TKS,T.K.S. TECHNOLOGIES PUBLIC COMPANY LIMITED,Services,Media & Publishing,sSET,www.tks.co.th,2017-07-23 06:32:00.264892,2017-12-27 02:26:23.308851
545,TMT,TMT STEEL PUBLIC COMPANY LIMITED,Industrials,Steel and Metal Products,sSET / SETTHSI,www.tmtsteel.co.th,2017-07-23 06:32:02.297024,2022-01-15 03:54:13.186946
546,TMW,THAI MITSUWA PUBLIC COMPANY LIMITED,Industrial,Industrial,mai,www.thaimitsuwa.com,2017-07-23 06:32:02.446406,2022-01-15 03:54:13.192983
548,TNH,THAI NAKARIN HOSPITAL PUBLIC COMPANY LIMITED,Services,,mai,www.thainakarin.co.th,2017-07-23 06:32:02.714617,2017-07-23 06:32:02.714617
549,TNITY,TRINITY WATTHANA PUBLIC COMPANY LIMITED,Financials,Finance & Securities,SET,www.trinitythai.com,2017-07-23 06:32:02.822497,2017-07-23 06:32:02.822497
552,TNPC,THAI NAM PLASTIC PUBLIC COMPANY LIMITED,Industrials,Automotive,SET,www.thainam.com,2017-07-23 06:32:03.445878,2017-07-23 06:32:03.445878
553,TNR,THAI NIPPON RUBBER INDUSTRY PUBLIC COMPANY LIMITED,Consumer Products,Personal Products & Pharmaceuticals,sSET,www.tnrcondom.com,2017-07-23 06:32:03.581402,2021-07-07 03:34:14.092204
645,TOA,TOA PAINT (THAILAND) PUBLIC COMPANY LIMITED,Property & Construction,Construction Materials,SETTHSI,www.toagroup.com,2017-10-13 05:46:03.640271,2021-07-07 03:34:14.101439
554,TOG,THAI OPTICAL GROUP PUBLIC COMPANY LIMITED,Consumer Products,Personal Products & Pharmaceuticals,sSET,www.thaiopticalgroup.com,2017-07-23 06:32:03.825529,2022-01-15 03:54:13.201297
555,TOP,THAI OIL PUBLIC COMPANY LIMITED,Resources,Energy & Utilities,SET50 / SETCLMV / SETTHSI,www.thaioilgroup.com,2017-07-23 06:32:04.097316,2021-07-07 03:34:14.109110
559,TPIPL,TPI POLENE PUBLIC COMPANY LIMITED,Property & Construction,Construction Materials,SET,www.tpipolene.co.th,2017-07-23 06:32:05.279713,2019-03-03 03:43:45.671381
560,TPIPP,TPI POLENE POWER PUBLIC COMPANY LIMITED,Resources,Energy & Utilities,SET,www.tpipolenepower.co.th,2017-07-23 06:32:05.530911,2021-07-07 03:34:14.114254
563,TPRIME,THAILAND PRIME PROPERTY FREEHOLD AND LEASEHOLD REAL ESTATE INVESTMENT TRUST,Property & Construction,Property Fund & REITs,SET,www.tprimereit.com,2017-07-23 06:32:06.208150,2017-07-23 06:32:06.208150
688,TQM,TQM CORPORATION PUBLIC COMPANY LIMITED,Financials,Insurance,SET100 / SETTHSI,www.tqmcorp.co.th,2019-03-03 03:43:45.771692,2022-01-15 03:54:13.208558
716,TQR,TQR PUBLIC COMPANY LIMITED,Financials,Financials,mai,https://www.tqr.co.th,2021-02-18 03:19:37.046524,2022-01-15 03:54:13.213584
567,TRITN,TRITON HOLDING PUBLIC COMPANY LIMITED,Property & Construction,Construction Services,sSET,www.triton.co.th,2017-07-23 06:32:07.037265,2021-01-26 15:42:00.187240
571,TRUE,TRUE CORPORATION PUBLIC COMPANY LIMITED,Technology,Information & Communication Technology,SET50 / SETTHSI,www.truecorp.co.th,2017-07-23 06:32:07.647453,2019-03-03 03:43:45.971874
573,TSE,THAI SOLAR ENERGY PUBLIC COMPANY LIMITED,Resources,Energy & Utilities,sSET,www.thaisolarenergy.com,2017-07-23 06:32:07.987353,2019-11-19 07:11:30.547854
576,TSR,THIENSURAT PUBLIC COMPANY LIMITED,Consumer Products,Home & Office Products,SET,https://www.tsrplc.com,2017-07-23 06:32:08.413794,2021-03-14 17:45:22.569518
578,TSTH,TATA STEEL (THAILAND) PUBLIC COMPANY LIMITED,Industrials,Steel and Metal Products,sSET / SETCLMV / SETTHSI,www.tatasteelthailand.com,2017-07-23 06:32:08.763956,2021-08-22 18:21:30.104440
579,TTA,THORESEN THAI AGENCIES PUBLIC COMPANY LIMITED,Services,Transportation & Logistics,SET100 / SETWB,www.thoresen.com,2017-07-23 06:32:08.938394,2022-01-15 03:54:13.222818
541,TTB,TMBTHANACHART BANK PUBLIC COMPANY LIMITED,Financials,Banking,SET50 / SETHD / SETTHSI,https://www.ttbbank.com,2017-07-23 06:32:01.386912,2022-01-15 03:54:13.227847
580,TTCL,TTCL PUBLIC COMPANY LIMITED,Property & Construction,Construction Services,SET,www.ttcl.com,2017-07-23 06:32:09.130150,2022-01-15 03:54:13.232976
707,TTLPF,TALAAD THAI LEASEHOLD PROPERTY FUND,Property & Construction,Property Fund & REITs,SET,,2019-11-19 07:11:30.744041,2019-11-19 07:11:30.744041
581,TTW,TTW PUBLIC COMPANY LIMITED,Resources,Energy & Utilities,SETTHSI,www.ttwplc.com,2017-07-23 06:32:09.322563,2021-07-07 03:34:14.150064
582,TU,THAI UNION GROUP PUBLIC COMPANY LIMITED,Agro & Food Industry,Food & Beverage,SET50 / SETCLMV / SETHD / SETTHSI / SETWB,thaiunion.com,2017-07-23 06:32:09.503438,2021-07-07 03:34:14.154419
585,TVO,THAI VEGETABLE OIL PUBLIC COMPANY LIMITED,Agro & Food Industry,Food & Beverage,SET / SETTHSI / SETWB,www.tvothai.com,2017-07-23 06:32:09.904659,2019-11-19 07:11:31.055190
737,TYCN,"TYCOONS WORLDWIDE GROUP (THAILAND) PUBLIC CO.,LTD.",Industrials,Steel and Metal Products,SET,www.tycons.com,2021-11-04 15:13:03.928246,2021-11-04 15:13:03.928246
591,U,U CITY PUBLIC COMPANY LIMITED,Property & Construction,Property Development,SET,www.ucity.co.th,2017-07-23 06:32:10.763049,2022-01-15 03:54:13.242942
592,UAC,UAC GLOBAL PUBLIC COMPANY LIMITED,Industrials,Petrochemicals & Chemicals,sSET,www.uac.co.th,2017-07-23 06:32:10.929993,2021-01-26 15:42:00.229910
599,UNIQ,UNIQUE ENGINEERING AND CONSTRUCTION PUBLIC COMPANY LIMITED,Property & Construction,Construction Services,sSET,www.unique.co.th,2017-07-23 06:32:12.063018,2018-08-12 12:54:15.298074
739,UOBKH,UOB KAY HIAN SECURITIES (THAILAND) PUBLIC COMPANY LIMITED,Financials,Finance & Securities,SET,https://www.utrade.co.th/,2021-11-27 03:26:47.157332,2021-11-27 03:26:47.157332
603,UPOIC,UNITED PALM OIL INDUSTRY PUBLIC COMPANY LIMITED,Agro & Food Industry,Agribusiness,SET,www.upoic.co.th,2017-07-23 06:32:12.805614,2017-07-23 06:32:12.805614
605,UTP,UNITED PAPER PUBLIC COMPANY LIMITED,Industrials,Paper & Printing Materials,sSET / SETCLMV,www.unitedpaper.co.th,2017-07-23 06:32:13.163845,2018-08-12 12:54:15.398741
606,UV,UNIVENTURES PUBLIC COMPANY LIMITED,Property & Construction,Property Development,sSET,www.univentures.co.th,2017-07-23 06:32:13.347169,2019-03-03 03:43:46.473165
607,UVAN,UNIVANICH PALM OIL PUBLIC COMPANY LIMITED,Agro & Food Industry,Agribusiness,sSET,www.univanich.com,2017-07-23 06:32:13.537319,2022-01-15 03:54:13.251653
609,VGI,VGI PUBLIC COMPANY LIMITED,Services,Media & Publishing,SET100 / SETTHSI,www.vgi.co.th,2017-07-23 06:32:13.813210,2022-01-15 03:54:13.256603
610,VIBHA,VIBHAVADI MEDICAL CENTER PUBLIC COMPANY LIMITED,Services,Health Care Services,SETWB,www.vibhavadi.com,2017-07-23 06:32:13.979586,2021-01-26 15:42:00.276024
611,VIH,SRIVICHAIVEJVIVAT PUBLIC COMPANY LIMITED,Services,Health Care Services,sSET,www.vichaivej.com,2017-07-23 06:32:14.147170,2017-12-27 02:26:24.963524
726,VNG,VANACHAI GROUP PUBLIC COMPANY LIMITED,Property & Construction,Construction Materials,sSET / SETCLMV,www.vanachai.com,2021-08-14 06:09:06.974701,2022-01-15 03:54:13.264053
616,WACOAL,THAI WACOAL PUBLIC COMPANY LIMITED,Consumer Products,Fashion,SET,www.wacoal.co.th,2017-07-23 06:32:15.061815,2017-07-23 06:32:15.061815
619,WHA,WHA CORPORATION PUBLIC COMPANY LIMITED,Property & Construction,Property Development,SET100 / SETHD / SETTHSI,www.wha.co.th,2017-07-23 06:32:15.496450,2021-07-07 03:34:14.173507
211,WHAIR,HEMARAJ LEASEHOLD REAL ESTATE INVESTMENT TRUST,Property & Construction,Property Fund & REITs,SET,www.hemarajreit.com,2017-07-23 06:31:14.694180,2017-07-23 06:31:14.694180
622,WHART,WHA PREMIUM GROWTH FREEHOLD AND LEASEHOLD REAL ESTATE INVESTMENT TRUST,Property & Construction,Property Fund & REITs,SET,www.whareit.com,2017-07-23 06:32:16.019967,2017-07-23 06:32:16.019967
623,WHAUP,WHA UTILITIES AND POWER PUBLIC COMPANY LIMITED,Resources,Energy & Utilities,sSET / SETTHSI,www.wha-up.com,2017-07-23 06:32:16.177824,2021-07-07 03:34:14.179836
624,WICE,WICE LOGISTICS PUBLIC COMPANY LIMITED,Services,Transportation & Logistics,sSET,www.wice.co.th,2017-07-23 06:32:16.329569,2021-01-26 15:42:00.303670
625,WIIK,WIIK PUBLIC COMPANY LIMITED,Property & Construction,Construction Materials,SET,www.wiik.co.th,2017-07-23 06:32:16.429218,2021-01-26 15:42:00.310844
628,WORK,WORKPOINT ENTERTAINMENT PUBLIC COMPANY LIMITED,Services,Media & Publishing,SET,www.workpoint.co.th,2017-07-23 06:32:16.937561,2022-01-15 03:54:13.274614
697,WP,WP ENERGY PUBLIC COMPANY LIMITED,Resources,Energy & Utilities,SET,www.wp-energy.co.th,2019-03-03 09:02:40.337444,2019-11-19 07:11:31.637114
630,YUASA,YUASA BATTERY (THAILAND) PUBLIC COMPANY LIMITED,Industrial,Industrial,mai,www.yuasathai.com,2017-07-23 06:32:17.287814,2022-01-15 03:54:13.280347
689,ZEN,ZEN CORPORATION GROUP PUBLIC COMPANY LIMITED,Agro & Food Industry,Food & Beverage,sSET,www.zengroup.co.th,2019-03-03 03:43:47.043363,2021-01-26 15:42:00.322897
